id,Performance,Gender,Caste,coaching,time,Class_ten_education,twelve_education,medium,Class_,Class_XII_Percentage,Father_occupation,Mother_occupation
1,Excellent,male,General,NO,ONE,SEBA,AHSEC,ENGLISH,Excellent,Excellent,DOCTOR,OTHERS
2,Excellent,male,OBC,WA,TWO,SEBA,AHSEC,OTHERS,Excellent,Excellent,SCHOOL_TEACHER,HOUSE_WIFE
3,Excellent,male,OBC,OA,TWO,OTHERS,CBSE,ENGLISH,Excellent,Excellent,BUSINESS,HOUSE_WIFE
4,Excellent,male,General,WA,ONE,SEBA,AHSEC,OTHERS,Excellent,Excellent,SCHOOL_TEACHER,SCHOOL_TEACHER
5,Excellent,male,General,OA,TWO,SEBA,CBSE,ENGLISH,Excellent,Excellent,COLLEGE_TEACHER,HOUSE_WIFE
6,Excellent,male,General,WA,TWO,CBSE,CBSE,ENGLISH,Excellent,Excellent,COLLEGE_TEACHER,HOUSE_WIFE
7,Excellent,female,General,OA,ONE,CBSE,CBSE,ENGLISH,Excellent,Excellent,DOCTOR,DOCTOR
8,Excellent,male,OBC,NO,ONE,SEBA,AHSEC,ENGLISH,Excellent,Excellent,OTHERS,HOUSE_WIFE
9,Excellent,female,General,NO,ONE,SEBA,AHSEC,ENGLISH,Excellent,Excellent,BUSINESS,HOUSE_WIFE
10,Excellent,female,General,OA,TWO,CBSE,CBSE,ENGLISH,Excellent,Excellent,COLLEGE_TEACHER,HOUSE_WIFE
11,Excellent,male,General,OA,ONE,CBSE,CBSE,ENGLISH,Excellent,Excellent,BUSINESS,HOUSE_WIFE
12,Excellent,male,General,NO,ONE,CBSE,CBSE,ENGLISH,Excellent,Excellent,DOCTOR,DOCTOR
13,Excellent,female,General,WA,TWO,SEBA,AHSEC,ENGLISH,Excellent,Excellent,BANK_OFFICIAL,SCHOOL_TEACHER
14,Excellent,male,General,NO,TWO,SEBA,AHSEC,ENGLISH,Excellent,Excellent,BUSINESS,HOUSE_WIFE
15,Excellent,male,General,WA,ONE,SEBA,CBSE,ENGLISH,Excellent,Excellent,OTHERS,HOUSE_WIFE
16,Excellent,male,General,WA,TWO,CBSE,CBSE,ENGLISH,Excellent,Excellent,OTHERS,HOUSE_WIFE
17,Excellent,male,General,NO,ONE,CBSE,CBSE,ENGLISH,Excellent,Excellent,OTHERS,COLLEGE_TEACHER
18,Excellent,female,General,OA,TWO,CBSE,CBSE,ENGLISH,Excellent,Excellent,ENGINEER,HOUSE_WIFE
19,Excellent,male,General,WA,TWO,SEBA,AHSEC,ENGLISH,Excellent,Excellent,SCHOOL_TEACHER,SCHOOL_TEACHER
20,Excellent,male,General,OA,ONE,SEBA,CBSE,ENGLISH,Excellent,Excellent,BUSINESS,SCHOOL_TEACHER
21,Excellent,female,OBC,NO,ONE,SEBA,AHSEC,ASSAMESE,Excellent,Excellent,COLLEGE_TEACHER,COLLEGE_TEACHER
22,Excellent,male,General,NO,ONE,SEBA,AHSEC,OTHERS,Vg,Vg,BANK_OFFICIAL,SCHOOL_TEACHER
23,Excellent,male,General,WA,ONE,SEBA,AHSEC,ENGLISH,Excellent,Excellent,COLLEGE_TEACHER,SCHOOL_TEACHER
24,Excellent,male,General,NO,ONE,OTHERS,CBSE,ENGLISH,Excellent,Excellent,ENGINEER,HOUSE_WIFE
25,Excellent,male,General,OA,TWO,CBSE,CBSE,ENGLISH,Excellent,Excellent,BUSINESS,HOUSE_WIFE
26,Excellent,female,General,WA,TWO,SEBA,AHSEC,ENGLISH,Excellent,Excellent,SCHOOL_TEACHER,OTHERS
27,Excellent,female,General,WA,TWO,SEBA,AHSEC,ENGLISH,Excellent,Excellent,COLLEGE_TEACHER,COLLEGE_TEACHER
28,Excellent,male,General,OA,TWO,OTHERS,OTHERS,ENGLISH,Excellent,Vg,DOCTOR,OTHERS
29,Excellent,female,General,WA,TWO,SEBA,AHSEC,ENGLISH,Excellent,Vg,OTHERS,COLLEGE_TEACHER
30,Excellent,female,General,NO,TWO,SEBA,AHSEC,ASSAMESE,Good,Vg,SCHOOL_TEACHER,HOUSE_WIFE
31,Excellent,female,General,NO,ONE,CBSE,CBSE,ENGLISH,Excellent,Excellent,COLLEGE_TEACHER,SCHOOL_TEACHER
32,Excellent,male,General,WA,TWO,SEBA,AHSEC,ENGLISH,Excellent,Excellent,ENGINEER,HOUSE_WIFE
33,Excellent,female,General,NO,TWO,SEBA,AHSEC,ENGLISH,Excellent,Excellent,OTHERS,HOUSE_WIFE
34,Excellent,male,General,WA,TWO,SEBA,AHSEC,ASSAMESE,Excellent,Excellent,OTHERS,HOUSE_WIFE
35,Excellent,male,OBC,NO,ONE,CBSE,CBSE,ENGLISH,Excellent,Excellent,BUSINESS,OTHERS
36,Excellent,female,General,OA,TWO,CBSE,AHSEC,ENGLISH,Excellent,Excellent,BUSINESS,HOUSE_WIFE
37,Excellent,male,General,OA,TWO,CBSE,CBSE,ENGLISH,Excellent,Excellent,DOCTOR,COLLEGE_TEACHER
38,Excellent,male,General,WA,TWO,SEBA,AHSEC,ENGLISH,Excellent,Excellent,BUSINESS,HOUSE_WIFE
39,Excellent,male,General,NO,TWO,CBSE,CBSE,ENGLISH,Excellent,Excellent,OTHERS,HOUSE_WIFE
40,Excellent,male,General,WA,TWO,CBSE,CBSE,ENGLISH,Excellent,Vg,ENGINEER,HOUSE_WIFE
41,Excellent,female,General,WA,TWO,SEBA,AHSEC,ENGLISH,Excellent,Excellent,DOCTOR,COLLEGE_TEACHER
42,Excellent,male,General,WA,TWO,SEBA,AHSEC,OTHERS,Good,Good,SCHOOL_TEACHER,SCHOOL_TEACHER
43,Excellent,male,General,WA,TWO,CBSE,CBSE,ENGLISH,Excellent,Excellent,BANK_OFFICIAL,HOUSE_WIFE
44,Excellent,female,General,OA,ONE,OTHERS,CBSE,ENGLISH,Excellent,Excellent,BUSINESS,HOUSE_WIFE
45,Excellent,male,SC,OA,TWO,CBSE,CBSE,ENGLISH,Excellent,Excellent,OTHERS,HOUSE_WIFE
46,Excellent,male,SC,WA,TWO,SEBA,AHSEC,OTHERS,Excellent,Vg,OTHERS,HOUSE_WIFE
47,Excellent,female,General,NO,TWO,CBSE,CBSE,ENGLISH,Excellent,Excellent,COLLEGE_TEACHER,SCHOOL_TEACHER
48,Excellent,female,General,WA,TWO,CBSE,CBSE,ENGLISH,Excellent,Excellent,OTHERS,SCHOOL_TEACHER
49,Excellent,female,General,WA,TWO,CBSE,CBSE,ENGLISH,Excellent,Excellent,OTHERS,OTHERS
50,Excellent,male,General,WA,TWO,CBSE,CBSE,ENGLISH,Excellent,Excellent,DOCTOR,DOCTOR
51,Excellent,male,General,WA,TWO,CBSE,CBSE,ENGLISH,Excellent,Excellent,ENGINEER,HOUSE_WIFE
52,Excellent,male,OBC,WA,TWO,SEBA,CBSE,ENGLISH,Excellent,Excellent,ENGINEER,HOUSE_WIFE
53,Excellent,female,General,WA,THREE,SEBA,AHSEC,OTHERS,Vg,Vg,OTHERS,HOUSE_WIFE
54,Excellent,female,General,WA,TWO,OTHERS,CBSE,ENGLISH,Excellent,Excellent,ENGINEER,HOUSE_WIFE
55,Excellent,male,SC,OA,TWO,SEBA,AHSEC,ENGLISH,Good,Good,BUSINESS,HOUSE_WIFE
56,Excellent,male,General,WA,THREE,SEBA,AHSEC,ASSAMESE,Excellent,Good,COLLEGE_TEACHER,HOUSE_WIFE
57,Excellent,male,General,NO,TWO,CBSE,CBSE,ENGLISH,Excellent,Good,BANK_OFFICIAL,HOUSE_WIFE
58,Excellent,male,General,OA,TWO,SEBA,AHSEC,ENGLISH,Excellent,Vg,SCHOOL_TEACHER,HOUSE_WIFE
59,Excellent,female,General,WA,TWO,SEBA,AHSEC,ASSAMESE,Excellent,Excellent,BUSINESS,HOUSE_WIFE
60,Excellent,male,General,WA,TWO,SEBA,AHSEC,OTHERS,Excellent,Excellent,OTHERS,HOUSE_WIFE
61,Excellent,male,General,WA,TWO,CBSE,CBSE,ENGLISH,Excellent,Excellent,DOCTOR,SCHOOL_TEACHER
62,Excellent,female,General,WA,TWO,CBSE,CBSE,ENGLISH,Excellent,Excellent,ENGINEER,HOUSE_WIFE
63,Excellent,male,General,WA,TWO,SEBA,AHSEC,ENGLISH,Excellent,Excellent,ENGINEER,COLLEGE_TEACHER
64,Excellent,female,General,WA,TWO,CBSE,CBSE,ENGLISH,Excellent,Excellent,OTHERS,OTHERS
65,Excellent,female,General,WA,TWO,SEBA,AHSEC,ENGLISH,Excellent,Excellent,ENGINEER,HOUSE_WIFE
66,Excellent,male,OBC,WA,ONE,SEBA,AHSEC,ASSAMESE,Average,Average,BUSINESS,OTHERS
67,Excellent,male,General,NO,TWO,CBSE,AHSEC,ENGLISH,Excellent,Excellent,OTHERS,HOUSE_WIFE
68,Excellent,male,OBC,NO,ONE,CBSE,CBSE,ENGLISH,Excellent,Excellent,OTHERS,HOUSE_WIFE
69,Excellent,female,General,WA,TWO,CBSE,CBSE,ENGLISH,Excellent,Excellent,OTHERS,HOUSE_WIFE
70,Excellent,female,General,OA,TWO,CBSE,CBSE,ENGLISH,Excellent,Excellent,OTHERS,HOUSE_WIFE
71,Excellent,male,OBC,WA,TWO,SEBA,AHSEC,OTHERS,Good,Good,OTHERS,HOUSE_WIFE
72,Excellent,male,General,WA,ONE,OTHERS,OTHERS,ENGLISH,Excellent,Good,OTHERS,OTHERS
73,Excellent,male,OBC,OA,TWO,OTHERS,OTHERS,OTHERS,Vg,Vg,BUSINESS,HOUSE_WIFE
74,Excellent,male,General,WA,THREE,SEBA,AHSEC,ASSAMESE,Vg,Good,OTHERS,SCHOOL_TEACHER
75,Excellent,male,General,OA,TWO,CBSE,CBSE,ENGLISH,Excellent,Vg,SCHOOL_TEACHER,SCHOOL_TEACHER
76,Excellent,male,General,WA,ONE,CBSE,CBSE,ENGLISH,Excellent,Excellent,OTHERS,COLLEGE_TEACHER
77,Excellent,female,General,WA,THREE,SEBA,AHSEC,OTHERS,Excellent,Excellent,SCHOOL_TEACHER,HOUSE_WIFE
78,Excellent,male,General,OA,TWO,CBSE,CBSE,ENGLISH,Excellent,Excellent,OTHERS,HOUSE_WIFE
79,Excellent,female,General,WA,TWO,CBSE,CBSE,ENGLISH,Excellent,Excellent,DOCTOR,OTHERS
80,Excellent,male,General,WA,TWO,SEBA,AHSEC,ENGLISH,Excellent,Excellent,OTHERS,SCHOOL_TEACHER
81,Excellent,female,General,WA,TWO,CBSE,CBSE,ENGLISH,Excellent,Vg,OTHERS,HOUSE_WIFE
82,Excellent,male,General,OA,ONE,SEBA,CBSE,ENGLISH,Excellent,Excellent,DOCTOR,HOUSE_WIFE
83,Excellent,male,General,OA,TWO,CBSE,CBSE,ENGLISH,Excellent,Excellent,OTHERS,HOUSE_WIFE
84,Excellent,male,General,WA,ONE,OTHERS,CBSE,ENGLISH,Excellent,Excellent,DOCTOR,HOUSE_WIFE
85,Excellent,female,OBC,WA,TWO,SEBA,CBSE,ENGLISH,Excellent,Excellent,SCHOOL_TEACHER,HOUSE_WIFE
86,Excellent,male,General,NO,ONE,SEBA,AHSEC,OTHERS,Average,Good,OTHERS,HOUSE_WIFE
87,Excellent,male,OBC,WA,TWO,SEBA,AHSEC,ENGLISH,Excellent,Excellent,OTHERS,HOUSE_WIFE
88,Excellent,female,OBC,WA,TWO,CBSE,CBSE,ENGLISH,Excellent,Excellent,OTHERS,HOUSE_WIFE
89,Excellent,female,General,WA,ONE,CBSE,CBSE,ENGLISH,Excellent,Excellent,OTHERS,SCHOOL_TEACHER
90,Excellent,male,General,OA,TWO,SEBA,CBSE,ENGLISH,Excellent,Excellent,ENGINEER,HOUSE_WIFE
91,Excellent,male,General,WA,TWO,SEBA,AHSEC,OTHERS,Good,Excellent,CULTIVATOR,HOUSE_WIFE
92,Excellent,male,General,OA,TWO,SEBA,CBSE,ENGLISH,Excellent,Excellent,BUSINESS,HOUSE_WIFE
93,Excellent,male,General,WA,THREE,SEBA,CBSE,ENGLISH,Vg,Good,OTHERS,OTHERS
94,Excellent,female,General,WA,TWO,SEBA,AHSEC,ASSAMESE,Good,Average,SCHOOL_TEACHER,SCHOOL_TEACHER
95,Excellent,male,General,WA,TWO,SEBA,AHSEC,ENGLISH,Excellent,Excellent,ENGINEER,BANK_OFFICIAL
96,Excellent,female,General,WA,TWO,CBSE,CBSE,ENGLISH,Excellent,Excellent,OTHERS,HOUSE_WIFE
97,Excellent,male,General,OA,TWO,SEBA,AHSEC,ENGLISH,Excellent,Excellent,ENGINEER,HOUSE_WIFE
98,Excellent,female,OBC,WA,TWO,SEBA,AHSEC,ENGLISH,Excellent,Excellent,OTHERS,OTHERS
99,Excellent,male,General,NO,ONE,CBSE,CBSE,ENGLISH,Vg,Vg,OTHERS,HOUSE_WIFE
100,Excellent,female,OBC,WA,ONE,SEBA,AHSEC,ENGLISH,Excellent,Excellent,OTHERS,COLLEGE_TEACHER
101,Excellent,female,General,WA,TWO,SEBA,AHSEC,ENGLISH,Excellent,Excellent,COLLEGE_TEACHER,SCHOOL_TEACHER
102,Vg,female,General,WA,TWO,SEBA,CBSE,ENGLISH,Excellent,Excellent,DOCTOR,DOCTOR
103,Vg,male,General,WA,TWO,CBSE,CBSE,ENGLISH,Excellent,Excellent,OTHERS,HOUSE_WIFE
104,Vg,female,General,WA,TWO,SEBA,AHSEC,OTHERS,Excellent,Excellent,BANK_OFFICIAL,BANK_OFFICIAL
105,Vg,male,General,WA,TWO,CBSE,CBSE,ENGLISH,Excellent,Vg,BANK_OFFICIAL,HOUSE_WIFE
106,Vg,male,General,NO,ONE,OTHERS,CBSE,ENGLISH,Excellent,Excellent,OTHERS,COLLEGE_TEACHER
107,Vg,female,General,WA,ONE,CBSE,CBSE,ENGLISH,Vg,Vg,BUSINESS,HOUSE_WIFE
108,Vg,male,General,WA,ONE,SEBA,AHSEC,ENGLISH,Excellent,Excellent,OTHERS,HOUSE_WIFE
109,Vg,male,General,WA,TWO,SEBA,AHSEC,OTHERS,Vg,Excellent,BUSINESS,HOUSE_WIFE
110,Vg,female,General,WA,TWO,SEBA,AHSEC,ENGLISH,Excellent,Excellent,OTHERS,HOUSE_WIFE
111,Vg,male,General,NO,ONE,SEBA,CBSE,ENGLISH,Good,Good,OTHERS,HOUSE_WIFE
112,Vg,male,General,WA,TWO,SEBA,AHSEC,ENGLISH,Excellent,Vg,SCHOOL_TEACHER,HOUSE_WIFE
113,Vg,female,General,WA,ONE,CBSE,CBSE,ENGLISH,Excellent,Excellent,OTHERS,SCHOOL_TEACHER
114,Vg,male,General,WA,FOUR,CBSE,CBSE,ENGLISH,Vg,Vg,COLLEGE_TEACHER,COLLEGE_TEACHER
115,Vg,male,General,WA,THREE,SEBA,AHSEC,ENGLISH,Excellent,Excellent,BUSINESS,HOUSE_WIFE
116,Vg,female,General,WA,TWO,CBSE,CBSE,ENGLISH,Excellent,Excellent,SCHOOL_TEACHER,SCHOOL_TEACHER
117,Vg,female,OBC,WA,THREE,SEBA,AHSEC,ENGLISH,Vg,Vg,ENGINEER,HOUSE_WIFE
118,Vg,male,General,WA,THREE,CBSE,CBSE,ENGLISH,Excellent,Excellent,OTHERS,HOUSE_WIFE
119,Vg,male,General,WA,TWO,SEBA,AHSEC,ENGLISH,Excellent,Excellent,SCHOOL_TEACHER,HOUSE_WIFE
120,Vg,male,General,WA,THREE,SEBA,AHSEC,OTHERS,Excellent,Good,SCHOOL_TEACHER,HOUSE_WIFE
121,Vg,male,General,NO,ONE,CBSE,CBSE,ENGLISH,Excellent,Excellent,COLLEGE_TEACHER,HOUSE_WIFE
122,Vg,female,OBC,WA,TWO,OTHERS,CBSE,ENGLISH,Excellent,Excellent,ENGINEER,HOUSE_WIFE
123,Vg,female,General,NO,ONE,SEBA,AHSEC,ENGLISH,Excellent,Excellent,OTHERS,HOUSE_WIFE
124,Vg,female,General,WA,TWO,CBSE,CBSE,ENGLISH,Excellent,Excellent,COLLEGE_TEACHER,SCHOOL_TEACHER
125,Vg,female,General,WA,TWO,SEBA,AHSEC,ENGLISH,Good,Vg,COLLEGE_TEACHER,HOUSE_WIFE
126,Vg,female,General,WA,TWO,SEBA,AHSEC,OTHERS,Excellent,Excellent,DOCTOR,HOUSE_WIFE
127,Vg,female,OBC,OA,TWO,CBSE,CBSE,ENGLISH,Excellent,Excellent,BUSINESS,BUSINESS
128,Vg,male,OBC,WA,TWO,SEBA,AHSEC,OTHERS,Excellent,Excellent,OTHERS,OTHERS
129,Vg,female,General,WA,TWO,SEBA,AHSEC,OTHERS,Excellent,Excellent,COLLEGE_TEACHER,HOUSE_WIFE
130,Vg,male,General,NO,THREE,SEBA,AHSEC,OTHERS,Vg,Vg,CULTIVATOR,HOUSE_WIFE
131,Vg,female,OBC,WA,THREE,CBSE,AHSEC,ENGLISH,Excellent,Vg,SCHOOL_TEACHER,HOUSE_WIFE
132,Vg,male,General,WA,TWO,SEBA,AHSEC,OTHERS,Good,Vg,BUSINESS,HOUSE_WIFE
133,Vg,female,General,NO,ONE,SEBA,AHSEC,ENGLISH,Excellent,Excellent,DOCTOR,DOCTOR
134,Vg,male,SC,WA,TWO,SEBA,AHSEC,ENGLISH,Excellent,Excellent,OTHERS,HOUSE_WIFE
135,Vg,female,General,NO,TWO,CBSE,CBSE,ENGLISH,Excellent,Excellent,OTHERS,HOUSE_WIFE
136,Vg,female,General,WA,TWO,SEBA,AHSEC,ASSAMESE,Excellent,Excellent,SCHOOL_TEACHER,HOUSE_WIFE
137,Vg,male,General,WA,TWO,SEBA,AHSEC,OTHERS,Excellent,Excellent,SCHOOL_TEACHER,HOUSE_WIFE
138,Vg,male,General,NO,ONE,CBSE,CBSE,ENGLISH,Excellent,Excellent,OTHERS,SCHOOL_TEACHER
139,Vg,female,OBC,NO,TWO,CBSE,CBSE,ENGLISH,Excellent,Excellent,OTHERS,HOUSE_WIFE
140,Vg,female,General,WA,TWO,CBSE,AHSEC,ENGLISH,Excellent,Excellent,OTHERS,HOUSE_WIFE
141,Vg,male,General,WA,TWO,SEBA,AHSEC,ENGLISH,Excellent,Vg,BUSINESS,HOUSE_WIFE
142,Vg,male,OBC,WA,ONE,CBSE,CBSE,ENGLISH,Excellent,Excellent,OTHERS,HOUSE_WIFE
143,Vg,male,OBC,NO,ONE,CBSE,CBSE,ENGLISH,Excellent,Excellent,OTHERS,COLLEGE_TEACHER
144,Vg,male,OBC,WA,ONE,SEBA,AHSEC,OTHERS,Excellent,Excellent,SCHOOL_TEACHER,HOUSE_WIFE
145,Vg,female,General,WA,TWO,SEBA,AHSEC,ENGLISH,Excellent,Excellent,SCHOOL_TEACHER,SCHOOL_TEACHER
146,Vg,female,General,WA,TWO,SEBA,AHSEC,ENGLISH,Excellent,Excellent,OTHERS,COLLEGE_TEACHER
147,Vg,male,OBC,NO,ONE,CBSE,CBSE,ENGLISH,Excellent,Excellent,BUSINESS,HOUSE_WIFE
148,Vg,male,General,WA,THREE,CBSE,CBSE,ENGLISH,Vg,Vg,OTHERS,HOUSE_WIFE
149,Vg,male,General,WA,TWO,CBSE,CBSE,ENGLISH,Excellent,Excellent,SCHOOL_TEACHER,HOUSE_WIFE
150,Vg,female,General,WA,ONE,SEBA,AHSEC,ENGLISH,Excellent,Excellent,OTHERS,HOUSE_WIFE
151,Vg,female,General,WA,ONE,CBSE,CBSE,ENGLISH,Excellent,Excellent,COLLEGE_TEACHER,COLLEGE_TEACHER
152,Vg,male,General,WA,THREE,CBSE,CBSE,ENGLISH,Vg,Good,SCHOOL_TEACHER,HOUSE_WIFE
153,Vg,female,General,NO,ONE,CBSE,CBSE,ENGLISH,Excellent,Excellent,OTHERS,HOUSE_WIFE
154,Vg,female,General,OA,THREE,CBSE,CBSE,ENGLISH,Excellent,Good,OTHERS,HOUSE_WIFE
155,Vg,male,General,WA,TWO,SEBA,AHSEC,ASSAMESE,Excellent,Vg,COLLEGE_TEACHER,SCHOOL_TEACHER
156,Vg,female,General,WA,ONE,OTHERS,CBSE,ENGLISH,Excellent,Excellent,DOCTOR,DOCTOR
157,Vg,male,General,OA,ONE,OTHERS,OTHERS,ENGLISH,Vg,Excellent,COLLEGE_TEACHER,SCHOOL_TEACHER
158,Vg,female,General,NO,ONE,SEBA,AHSEC,ENGLISH,Excellent,Excellent,OTHERS,HOUSE_WIFE
159,Vg,female,OBC,WA,TWO,SEBA,AHSEC,ENGLISH,Excellent,Excellent,DOCTOR,OTHERS
160,Vg,female,OBC,OA,TWO,CBSE,CBSE,ENGLISH,Excellent,Excellent,OTHERS,HOUSE_WIFE
161,Vg,female,General,WA,ONE,CBSE,CBSE,ENGLISH,Excellent,Excellent,ENGINEER,HOUSE_WIFE
162,Vg,female,SC,WA,TWO,CBSE,CBSE,ENGLISH,Excellent,Excellent,ENGINEER,HOUSE_WIFE
163,Vg,male,General,WA,TWO,SEBA,CBSE,ENGLISH,Good,Good,SCHOOL_TEACHER,HOUSE_WIFE
164,Vg,male,General,NO,ONE,SEBA,AHSEC,ENGLISH,Excellent,Excellent,OTHERS,HOUSE_WIFE
165,Vg,male,OBC,WA,TWO,SEBA,AHSEC,ENGLISH,Excellent,Excellent,OTHERS,HOUSE_WIFE
166,Vg,male,General,WA,THREE,SEBA,AHSEC,ENGLISH,Excellent,Vg,BUSINESS,SCHOOL_TEACHER
167,Vg,female,General,WA,TWO,SEBA,AHSEC,OTHERS,Excellent,Good,OTHERS,SCHOOL_TEACHER
168,Vg,male,SC,NO,ONE,SEBA,AHSEC,ENGLISH,Excellent,Excellent,BUSINESS,SCHOOL_TEACHER
169,Vg,female,OBC,WA,TWO,SEBA,AHSEC,ENGLISH,Excellent,Excellent,OTHERS,HOUSE_WIFE
170,Vg,female,OBC,WA,TWO,SEBA,AHSEC,ENGLISH,Excellent,Excellent,OTHERS,HOUSE_WIFE
171,Vg,female,General,NO,THREE,SEBA,AHSEC,ENGLISH,Excellent,Vg,OTHERS,HOUSE_WIFE
172,Vg,male,OBC,NO,ONE,CBSE,AHSEC,ENGLISH,Excellent,Excellent,SCHOOL_TEACHER,HOUSE_WIFE
173,Vg,male,General,OA,TWO,CBSE,CBSE,ENGLISH,Excellent,Excellent,OTHERS,SCHOOL_TEACHER
174,Vg,male,OBC,WA,TWO,SEBA,AHSEC,OTHERS,Excellent,Vg,BUSINESS,HOUSE_WIFE
175,Vg,male,General,NO,ONE,SEBA,AHSEC,OTHERS,Excellent,Excellent,SCHOOL_TEACHER,HOUSE_WIFE
176,Vg,male,General,NO,ONE,CBSE,AHSEC,ENGLISH,Excellent,Excellent,ENGINEER,HOUSE_WIFE
177,Vg,male,SC,WA,TWO,CBSE,CBSE,ENGLISH,Excellent,Vg,SCHOOL_TEACHER,HOUSE_WIFE
178,Vg,male,OBC,WA,THREE,SEBA,AHSEC,ENGLISH,Excellent,Excellent,SCHOOL_TEACHER,HOUSE_WIFE
179,Vg,female,General,WA,TWO,CBSE,CBSE,ENGLISH,Excellent,Excellent,ENGINEER,COLLEGE_TEACHER
180,Vg,male,General,OA,TWO,CBSE,CBSE,ENGLISH,Excellent,Excellent,BUSINESS,HOUSE_WIFE
181,Vg,female,General,WA,TWO,SEBA,AHSEC,OTHERS,Excellent,Excellent,SCHOOL_TEACHER,HOUSE_WIFE
182,Vg,female,General,WA,TWO,CBSE,CBSE,ENGLISH,Excellent,Excellent,ENGINEER,HOUSE_WIFE
183,Vg,female,OBC,WA,TWO,SEBA,AHSEC,ENGLISH,Vg,Vg,COLLEGE_TEACHER,HOUSE_WIFE
184,Vg,female,General,WA,TWO,SEBA,AHSEC,ASSAMESE,Excellent,Excellent,OTHERS,HOUSE_WIFE
185,Vg,female,General,WA,ONE,SEBA,AHSEC,ENGLISH,Excellent,Excellent,BUSINESS,HOUSE_WIFE
186,Vg,male,General,WA,TWO,SEBA,AHSEC,ENGLISH,Excellent,Excellent,CULTIVATOR,HOUSE_WIFE
187,Vg,female,OBC,WA,TWO,CBSE,CBSE,ENGLISH,Excellent,Excellent,OTHERS,OTHERS
188,Vg,female,General,WA,TWO,CBSE,CBSE,ENGLISH,Excellent,Excellent,DOCTOR,DOCTOR
189,Vg,female,General,WA,THREE,SEBA,AHSEC,OTHERS,Vg,Vg,OTHERS,HOUSE_WIFE
190,Vg,female,OBC,OA,THREE,SEBA,AHSEC,ENGLISH,Good,Vg,OTHERS,HOUSE_WIFE
191,Vg,female,General,WA,TWO,SEBA,AHSEC,ENGLISH,Excellent,Excellent,OTHERS,HOUSE_WIFE
192,Vg,male,General,WA,TWO,CBSE,CBSE,ENGLISH,Excellent,Excellent,OTHERS,HOUSE_WIFE
193,Vg,male,OBC,WA,TWO,SEBA,AHSEC,ENGLISH,Excellent,Vg,OTHERS,HOUSE_WIFE
194,Vg,male,OBC,NO,FOUR,SEBA,AHSEC,OTHERS,Vg,Vg,BUSINESS,HOUSE_WIFE
195,Vg,male,OBC,WA,ONE,CBSE,CBSE,ENGLISH,Excellent,Excellent,DOCTOR,HOUSE_WIFE
196,Vg,female,General,WA,TWO,SEBA,AHSEC,OTHERS,Excellent,Excellent,SCHOOL_TEACHER,HOUSE_WIFE
197,Vg,male,General,WA,ONE,CBSE,CBSE,ENGLISH,Excellent,Excellent,OTHERS,SCHOOL_TEACHER
198,Vg,female,General,WA,TWO,SEBA,AHSEC,ENGLISH,Excellent,Vg,BUSINESS,SCHOOL_TEACHER
199,Vg,male,OBC,OA,TWO,SEBA,CBSE,ENGLISH,Vg,Excellent,BUSINESS,HOUSE_WIFE
200,Vg,female,General,WA,TWO,SEBA,AHSEC,ENGLISH,Vg,Vg,OTHERS,HOUSE_WIFE
201,Vg,male,General,WA,TWO,SEBA,AHSEC,ENGLISH,Excellent,Excellent,BUSINESS,HOUSE_WIFE
202,Vg,male,General,WA,TWO,CBSE,CBSE,ENGLISH,Excellent,Excellent,OTHERS,OTHERS
203,Vg,female,General,NO,ONE,SEBA,AHSEC,ENGLISH,Excellent,Excellent,OTHERS,OTHERS
204,Vg,male,General,NO,ONE,SEBA,AHSEC,ENGLISH,Excellent,Excellent,ENGINEER,SCHOOL_TEACHER
205,Vg,female,OBC,WA,THREE,SEBA,AHSEC,ENGLISH,Excellent,Excellent,SCHOOL_TEACHER,OTHERS
206,Vg,male,General,WA,TWO,CBSE,CBSE,ENGLISH,Excellent,Excellent,OTHERS,HOUSE_WIFE
207,Vg,female,General,WA,TWO,SEBA,CBSE,ENGLISH,Excellent,Excellent,BUSINESS,HOUSE_WIFE
208,Vg,female,General,WA,TWO,CBSE,CBSE,ENGLISH,Excellent,Excellent,COLLEGE_TEACHER,HOUSE_WIFE
209,Vg,male,General,WA,ONE,CBSE,CBSE,ENGLISH,Excellent,Excellent,BUSINESS,HOUSE_WIFE
210,Vg,male,General,WA,ONE,SEBA,AHSEC,ENGLISH,Excellent,Excellent,DOCTOR,HOUSE_WIFE
211,Vg,male,General,WA,TWO,CBSE,CBSE,ENGLISH,Excellent,Excellent,OTHERS,OTHERS
212,Vg,female,General,WA,TWO,SEBA,AHSEC,ENGLISH,Vg,Vg,OTHERS,HOUSE_WIFE
213,Vg,female,OBC,WA,TWO,CBSE,CBSE,ENGLISH,Excellent,Excellent,OTHERS,OTHERS
214,Vg,male,General,WA,TWO,CBSE,CBSE,ENGLISH,Excellent,Excellent,OTHERS,HOUSE_WIFE
215,Vg,female,SC,OA,TWO,SEBA,CBSE,ENGLISH,Excellent,Vg,OTHERS,BANK_OFFICIAL
216,Vg,male,General,WA,TWO,CBSE,CBSE,ENGLISH,Excellent,Excellent,BANK_OFFICIAL,HOUSE_WIFE
217,Vg,female,General,WA,FOUR,CBSE,CBSE,ENGLISH,Excellent,Vg,BANK_OFFICIAL,BANK_OFFICIAL
218,Vg,male,General,WA,TWO,CBSE,CBSE,ENGLISH,Excellent,Excellent,BUSINESS,OTHERS
219,Vg,female,ST,WA,TWO,SEBA,AHSEC,ENGLISH,Excellent,Excellent,OTHERS,HOUSE_WIFE
220,Vg,female,General,WA,ONE,SEBA,AHSEC,ENGLISH,Excellent,Excellent,BANK_OFFICIAL,HOUSE_WIFE
221,Vg,male,General,WA,THREE,SEBA,AHSEC,OTHERS,Vg,Vg,OTHERS,HOUSE_WIFE
222,Vg,female,General,OA,TWO,CBSE,CBSE,ENGLISH,Excellent,Excellent,OTHERS,SCHOOL_TEACHER
223,Vg,male,OBC,WA,TWO,CBSE,CBSE,ENGLISH,Excellent,Excellent,OTHERS,HOUSE_WIFE
224,Vg,male,General,WA,TWO,SEBA,AHSEC,OTHERS,Excellent,Vg,SCHOOL_TEACHER,HOUSE_WIFE
225,Vg,female,General,WA,TWO,SEBA,AHSEC,ENGLISH,Excellent,Excellent,OTHERS,COLLEGE_TEACHER
226,Vg,male,General,WA,ONE,CBSE,CBSE,ENGLISH,Excellent,Excellent,OTHERS,HOUSE_WIFE
227,Vg,female,General,WA,ONE,CBSE,CBSE,ENGLISH,Excellent,Excellent,OTHERS,HOUSE_WIFE
228,Vg,male,General,NO,ONE,SEBA,AHSEC,ENGLISH,Excellent,Excellent,BUSINESS,HOUSE_WIFE
229,Vg,male,General,WA,TWO,CBSE,CBSE,ENGLISH,Excellent,Excellent,ENGINEER,HOUSE_WIFE
230,Vg,male,OBC,NO,ONE,SEBA,AHSEC,ENGLISH,Excellent,Excellent,COLLEGE_TEACHER,SCHOOL_TEACHER
231,Vg,female,General,WA,THREE,CBSE,CBSE,ENGLISH,Excellent,Excellent,SCHOOL_TEACHER,SCHOOL_TEACHER
232,Vg,female,SC,WA,TWO,SEBA,AHSEC,ASSAMESE,Excellent,Vg,OTHERS,OTHERS
233,Vg,male,OBC,WA,THREE,SEBA,AHSEC,OTHERS,Vg,Vg,CULTIVATOR,CULTIVATOR
234,Vg,male,General,WA,TWO,SEBA,AHSEC,OTHERS,Excellent,Excellent,OTHERS,HOUSE_WIFE
235,Vg,male,OBC,WA,TWO,SEBA,AHSEC,ENGLISH,Excellent,Excellent,SCHOOL_TEACHER,SCHOOL_TEACHER
236,Vg,female,General,WA,TWO,SEBA,AHSEC,ENGLISH,Excellent,Excellent,OTHERS,HOUSE_WIFE
237,Vg,male,OBC,WA,THREE,SEBA,AHSEC,OTHERS,Vg,Excellent,SCHOOL_TEACHER,SCHOOL_TEACHER
238,Vg,male,OBC,WA,TWO,SEBA,AHSEC,OTHERS,Excellent,Excellent,CULTIVATOR,SCHOOL_TEACHER
239,Vg,female,General,WA,ONE,CBSE,CBSE,ENGLISH,Excellent,Excellent,BUSINESS,BUSINESS
240,Vg,male,General,WA,TWO,SEBA,AHSEC,ENGLISH,Excellent,Excellent,BUSINESS,HOUSE_WIFE
241,Vg,male,General,WA,THREE,SEBA,AHSEC,ASSAMESE,Good,Good,SCHOOL_TEACHER,HOUSE_WIFE
242,Vg,female,SC,WA,TWO,SEBA,AHSEC,ENGLISH,Excellent,Excellent,BANK_OFFICIAL,SCHOOL_TEACHER
243,Vg,male,ST,NO,TWO,SEBA,AHSEC,ENGLISH,Average,Average,OTHERS,HOUSE_WIFE
244,Vg,female,General,WA,THREE,SEBA,CBSE,ENGLISH,Excellent,Excellent,BUSINESS,HOUSE_WIFE
245,Vg,female,General,NO,ONE,SEBA,AHSEC,ENGLISH,Vg,Excellent,DOCTOR,SCHOOL_TEACHER
246,Vg,female,SC,WA,ONE,CBSE,CBSE,ENGLISH,Excellent,Excellent,OTHERS,HOUSE_WIFE
247,Vg,female,General,WA,ONE,CBSE,CBSE,ENGLISH,Excellent,Excellent,OTHERS,HOUSE_WIFE
248,Vg,female,General,NO,ONE,SEBA,AHSEC,ENGLISH,Excellent,Excellent,ENGINEER,ENGINEER
249,Vg,male,OBC,WA,TWO,CBSE,CBSE,ENGLISH,Excellent,Vg,OTHERS,OTHERS
250,Vg,male,OBC,NO,FOUR,CBSE,CBSE,ENGLISH,Excellent,Vg,OTHERS,HOUSE_WIFE
251,Vg,female,General,WA,TWO,SEBA,AHSEC,ENGLISH,Excellent,Excellent,OTHERS,HOUSE_WIFE
252,Vg,female,OBC,OA,ONE,CBSE,CBSE,ENGLISH,Excellent,Excellent,OTHERS,HOUSE_WIFE
253,Vg,female,OBC,WA,ONE,SEBA,AHSEC,ENGLISH,Excellent,Excellent,SCHOOL_TEACHER,SCHOOL_TEACHER
254,Vg,male,OBC,NO,ONE,CBSE,CBSE,ENGLISH,Excellent,Excellent,DOCTOR,OTHERS
255,Vg,female,General,NO,ONE,SEBA,AHSEC,ENGLISH,Excellent,Excellent,ENGINEER,COLLEGE_TEACHER
256,Vg,male,OBC,WA,THREE,SEBA,AHSEC,ENGLISH,Vg,Vg,OTHERS,HOUSE_WIFE
257,Vg,female,General,NO,ONE,SEBA,AHSEC,OTHERS,Excellent,Excellent,DOCTOR,DOCTOR
258,Vg,male,OBC,WA,TWO,CBSE,CBSE,ENGLISH,Excellent,Vg,OTHERS,HOUSE_WIFE
259,Vg,female,OBC,NO,THREE,CBSE,CBSE,ENGLISH,Excellent,Excellent,DOCTOR,HOUSE_WIFE
260,Vg,female,General,WA,TWO,SEBA,AHSEC,ENGLISH,Excellent,Vg,BUSINESS,HOUSE_WIFE
261,Vg,male,General,WA,TWO,SEBA,AHSEC,ASSAMESE,Excellent,Vg,OTHERS,HOUSE_WIFE
262,Vg,male,General,WA,TWO,SEBA,AHSEC,ENGLISH,Good,Good,BUSINESS,HOUSE_WIFE
263,Vg,female,SC,NO,TWO,CBSE,CBSE,ENGLISH,Excellent,Excellent,ENGINEER,OTHERS
264,Vg,female,SC,NO,ONE,CBSE,CBSE,ENGLISH,Excellent,Excellent,BANK_OFFICIAL,HOUSE_WIFE
265,Vg,male,General,WA,TWO,SEBA,AHSEC,OTHERS,Excellent,Vg,OTHERS,HOUSE_WIFE
266,Vg,female,General,WA,TWO,SEBA,AHSEC,ASSAMESE,Excellent,Excellent,SCHOOL_TEACHER,SCHOOL_TEACHER
267,Vg,female,OBC,NO,TWO,SEBA,AHSEC,ENGLISH,Excellent,Excellent,OTHERS,HOUSE_WIFE
268,Vg,male,OBC,WA,ONE,SEBA,AHSEC,ENGLISH,Excellent,Excellent,OTHERS,HOUSE_WIFE
269,Vg,female,OBC,WA,TWO,SEBA,AHSEC,ENGLISH,Vg,Excellent,OTHERS,HOUSE_WIFE
270,Vg,male,General,NO,ONE,CBSE,AHSEC,ENGLISH,Excellent,Excellent,SCHOOL_TEACHER,SCHOOL_TEACHER
271,Vg,female,General,WA,TWO,SEBA,AHSEC,ENGLISH,Excellent,Vg,OTHERS,HOUSE_WIFE
272,Vg,male,General,WA,TWO,SEBA,AHSEC,ENGLISH,Excellent,Vg,ENGINEER,HOUSE_WIFE
273,Vg,male,OBC,OA,ONE,CBSE,CBSE,ENGLISH,Excellent,Excellent,ENGINEER,ENGINEER
274,Vg,female,General,WA,TWO,SEBA,AHSEC,ENGLISH,Vg,Vg,BUSINESS,HOUSE_WIFE
275,Vg,female,General,WA,TWO,CBSE,CBSE,ENGLISH,Excellent,Excellent,OTHERS,OTHERS
276,Vg,female,General,WA,ONE,CBSE,CBSE,ENGLISH,Excellent,Excellent,DOCTOR,DOCTOR
277,Vg,female,General,WA,ONE,CBSE,CBSE,ENGLISH,Excellent,Excellent,OTHERS,HOUSE_WIFE
278,Vg,male,OBC,OA,TWO,CBSE,CBSE,ENGLISH,Excellent,Good,OTHERS,HOUSE_WIFE
279,Vg,male,General,WA,ONE,CBSE,CBSE,ENGLISH,Excellent,Excellent,OTHERS,HOUSE_WIFE
280,Vg,male,General,WA,THREE,SEBA,AHSEC,OTHERS,Excellent,Vg,SCHOOL_TEACHER,HOUSE_WIFE
281,Vg,female,General,WA,TWO,OTHERS,AHSEC,ENGLISH,Excellent,Vg,COLLEGE_TEACHER,HOUSE_WIFE
282,Vg,male,General,WA,THREE,SEBA,AHSEC,OTHERS,Vg,Vg,CULTIVATOR,HOUSE_WIFE
283,Vg,female,General,WA,THREE,SEBA,AHSEC,ENGLISH,Excellent,Excellent,COLLEGE_TEACHER,SCHOOL_TEACHER
284,Vg,female,General,WA,TWO,CBSE,CBSE,ENGLISH,Excellent,Excellent,COLLEGE_TEACHER,ENGINEER
285,Vg,male,General,WA,TWO,CBSE,CBSE,ENGLISH,Excellent,Vg,BANK_OFFICIAL,HOUSE_WIFE
286,Vg,male,General,OA,TWO,CBSE,CBSE,ENGLISH,Excellent,Vg,OTHERS,HOUSE_WIFE
287,Vg,male,General,WA,THREE,CBSE,CBSE,ENGLISH,Excellent,Vg,OTHERS,HOUSE_WIFE
288,Vg,male,General,WA,TWO,CBSE,CBSE,ENGLISH,Excellent,Excellent,BANK_OFFICIAL,HOUSE_WIFE
289,Vg,male,General,WA,TWO,CBSE,CBSE,ENGLISH,Excellent,Vg,BUSINESS,HOUSE_WIFE
290,Vg,male,General,WA,TWO,CBSE,AHSEC,ENGLISH,Excellent,Excellent,BUSINESS,HOUSE_WIFE
291,Vg,female,OBC,WA,TWO,SEBA,AHSEC,ENGLISH,Excellent,Excellent,BUSINESS,SCHOOL_TEACHER
292,Vg,female,OBC,NO,ONE,CBSE,CBSE,ENGLISH,Vg,Good,BUSINESS,SCHOOL_TEACHER
293,Vg,female,General,WA,TWO,CBSE,CBSE,ENGLISH,Excellent,Vg,OTHERS,SCHOOL_TEACHER
294,Vg,male,General,WA,TWO,SEBA,AHSEC,OTHERS,Excellent,Vg,OTHERS,HOUSE_WIFE
295,Vg,male,SC,WA,ONE,SEBA,AHSEC,ENGLISH,Vg,Excellent,OTHERS,HOUSE_WIFE
296,Vg,male,SC,WA,ONE,OTHERS,AHSEC,ENGLISH,Excellent,Excellent,ENGINEER,HOUSE_WIFE
297,Vg,male,General,WA,THREE,SEBA,AHSEC,ENGLISH,Vg,Excellent,ENGINEER,HOUSE_WIFE
298,Vg,female,OBC,NO,ONE,CBSE,AHSEC,ENGLISH,Excellent,Excellent,OTHERS,HOUSE_WIFE
299,Vg,male,General,WA,ONE,SEBA,AHSEC,ENGLISH,Vg,Excellent,OTHERS,HOUSE_WIFE
300,Good,female,OBC,WA,TWO,SEBA,AHSEC,ENGLISH,Excellent,Excellent,OTHERS,HOUSE_WIFE
301,Good,female,General,WA,THREE,SEBA,AHSEC,ASSAMESE,Excellent,Vg,SCHOOL_TEACHER,HOUSE_WIFE
302,Good,male,SC,OA,TWO,SEBA,CBSE,OTHERS,Vg,Good,OTHERS,HOUSE_WIFE
303,Good,male,General,NO,ONE,SEBA,AHSEC,OTHERS,Excellent,Excellent,SCHOOL_TEACHER,SCHOOL_TEACHER
304,Good,male,General,WA,THREE,SEBA,AHSEC,ASSAMESE,Vg,Vg,SCHOOL_TEACHER,SCHOOL_TEACHER
305,Good,female,General,NO,ONE,CBSE,CBSE,ENGLISH,Excellent,Excellent,OTHERS,HOUSE_WIFE
306,Good,male,General,NO,TWO,SEBA,AHSEC,OTHERS,Excellent,Excellent,OTHERS,HOUSE_WIFE
307,Good,male,SC,OA,TWO,CBSE,CBSE,ENGLISH,Excellent,Excellent,OTHERS,OTHERS
308,Good,female,OBC,WA,ONE,CBSE,CBSE,ENGLISH,Excellent,Excellent,OTHERS,HOUSE_WIFE
309,Good,female,General,WA,ONE,OTHERS,CBSE,ENGLISH,Excellent,Excellent,ENGINEER,DOCTOR
310,Good,male,OBC,WA,ONE,SEBA,AHSEC,ENGLISH,Excellent,Excellent,OTHERS,HOUSE_WIFE
311,Good,male,General,WA,TWO,SEBA,AHSEC,OTHERS,Average,Good,SCHOOL_TEACHER,HOUSE_WIFE
312,Good,male,OBC,WA,TWO,CBSE,CBSE,ENGLISH,Excellent,Excellent,SCHOOL_TEACHER,HOUSE_WIFE
313,Good,female,General,WA,TWO,SEBA,CBSE,ENGLISH,Excellent,Vg,BANK_OFFICIAL,HOUSE_WIFE
314,Good,male,General,WA,TWO,SEBA,AHSEC,ASSAMESE,Excellent,Excellent,SCHOOL_TEACHER,SCHOOL_TEACHER
315,Good,female,OBC,WA,TWO,SEBA,AHSEC,ENGLISH,Excellent,Excellent,OTHERS,SCHOOL_TEACHER
316,Good,female,General,WA,THREE,CBSE,CBSE,ENGLISH,Excellent,Vg,BUSINESS,HOUSE_WIFE
317,Good,male,OBC,OA,FOUR,SEBA,OTHERS,ENGLISH,Vg,Average,COLLEGE_TEACHER,HOUSE_WIFE
318,Good,female,OBC,WA,TWO,SEBA,AHSEC,ENGLISH,Excellent,Excellent,OTHERS,HOUSE_WIFE
319,Good,male,General,OA,TWO,SEBA,CBSE,ENGLISH,Excellent,Excellent,OTHERS,HOUSE_WIFE
320,Good,female,General,WA,TWO,SEBA,CBSE,ENGLISH,Excellent,Excellent,BANK_OFFICIAL,HOUSE_WIFE
321,Good,female,General,WA,TWO,SEBA,AHSEC,ENGLISH,Excellent,Excellent,SCHOOL_TEACHER,SCHOOL_TEACHER
322,Good,female,General,WA,TWO,CBSE,CBSE,ENGLISH,Excellent,Excellent,BUSINESS,HOUSE_WIFE
323,Good,male,General,WA,THREE,SEBA,AHSEC,ENGLISH,Good,Vg,BUSINESS,HOUSE_WIFE
324,Good,male,OBC,WA,TWO,SEBA,AHSEC,ENGLISH,Excellent,Vg,SCHOOL_TEACHER,HOUSE_WIFE
325,Good,male,General,NO,TWO,SEBA,AHSEC,ENGLISH,Excellent,Excellent,ENGINEER,COLLEGE_TEACHER
326,Good,male,General,NO,TWO,CBSE,CBSE,ENGLISH,Excellent,Vg,SCHOOL_TEACHER,HOUSE_WIFE
327,Good,male,General,NO,ONE,SEBA,AHSEC,ENGLISH,Vg,Vg,OTHERS,HOUSE_WIFE
328,Good,female,General,WA,TWO,SEBA,CBSE,ENGLISH,Good,Vg,BUSINESS,HOUSE_WIFE
329,Good,male,General,NO,ONE,CBSE,CBSE,ENGLISH,Excellent,Excellent,OTHERS,HOUSE_WIFE
330,Good,male,SC,WA,THREE,CBSE,CBSE,ENGLISH,Excellent,Excellent,OTHERS,HOUSE_WIFE
331,Good,male,General,OA,ONE,CBSE,CBSE,ENGLISH,Excellent,Excellent,ENGINEER,HOUSE_WIFE
332,Good,female,General,WA,ONE,SEBA,AHSEC,ENGLISH,Excellent,Excellent,BANK_OFFICIAL,OTHERS
333,Good,female,General,WA,TWO,CBSE,CBSE,ENGLISH,Excellent,Excellent,COLLEGE_TEACHER,SCHOOL_TEACHER
334,Good,female,General,WA,TWO,SEBA,AHSEC,ASSAMESE,Excellent,Excellent,SCHOOL_TEACHER,SCHOOL_TEACHER
335,Good,male,General,WA,THREE,SEBA,AHSEC,OTHERS,Vg,Vg,SCHOOL_TEACHER,SCHOOL_TEACHER
336,Good,female,OBC,WA,ONE,SEBA,AHSEC,ENGLISH,Vg,Vg,OTHERS,HOUSE_WIFE
337,Good,female,General,OA,TWO,CBSE,CBSE,ENGLISH,Excellent,Vg,ENGINEER,HOUSE_WIFE
338,Good,male,OBC,NO,TWO,SEBA,AHSEC,ENGLISH,Good,Good,OTHERS,OTHERS
339,Good,female,General,WA,TWO,SEBA,CBSE,ENGLISH,Excellent,Good,OTHERS,HOUSE_WIFE
340,Good,male,General,WA,TWO,SEBA,CBSE,ENGLISH,Excellent,Vg,OTHERS,HOUSE_WIFE
341,Good,female,OBC,OA,THREE,CBSE,CBSE,ENGLISH,Vg,Vg,BUSINESS,HOUSE_WIFE
342,Good,female,General,NO,ONE,SEBA,AHSEC,ENGLISH,Excellent,Excellent,DOCTOR,DOCTOR
343,Good,female,General,NO,ONE,SEBA,AHSEC,ENGLISH,Excellent,Excellent,ENGINEER,HOUSE_WIFE
344,Good,male,General,NO,ONE,CBSE,AHSEC,ENGLISH,Excellent,Excellent,OTHERS,SCHOOL_TEACHER
345,Good,male,General,WA,TWO,SEBA,AHSEC,ASSAMESE,Excellent,Vg,OTHERS,HOUSE_WIFE
346,Good,male,OBC,OA,TWO,CBSE,CBSE,ENGLISH,Vg,Vg,DOCTOR,HOUSE_WIFE
347,Good,male,General,WA,THREE,SEBA,AHSEC,ENGLISH,Excellent,Excellent,OTHERS,HOUSE_WIFE
348,Good,male,OBC,NO,FIVE,SEBA,AHSEC,OTHERS,Good,Average,SCHOOL_TEACHER,HOUSE_WIFE
349,Good,male,General,WA,TWO,CBSE,CBSE,ENGLISH,Excellent,Vg,OTHERS,HOUSE_WIFE
350,Good,male,OBC,OA,TWO,CBSE,CBSE,ENGLISH,Excellent,Excellent,BUSINESS,OTHERS
351,Good,male,OBC,NO,ONE,CBSE,CBSE,ENGLISH,Excellent,Excellent,OTHERS,HOUSE_WIFE
352,Good,female,OBC,WA,SEVEN,CBSE,CBSE,ENGLISH,Excellent,Good,OTHERS,HOUSE_WIFE
353,Good,male,SC,WA,TWO,SEBA,AHSEC,ENGLISH,Excellent,Excellent,DOCTOR,HOUSE_WIFE
354,Good,female,SC,WA,TWO,CBSE,CBSE,ENGLISH,Excellent,Excellent,OTHERS,HOUSE_WIFE
355,Good,female,OBC,WA,ONE,SEBA,AHSEC,ENGLISH,Vg,Excellent,DOCTOR,HOUSE_WIFE
356,Good,female,OBC,WA,ONE,SEBA,AHSEC,OTHERS,Excellent,Excellent,BUSINESS,HOUSE_WIFE
357,Good,male,General,WA,TWO,CBSE,CBSE,ENGLISH,Excellent,Vg,OTHERS,OTHERS
358,Good,female,OBC,WA,THREE,SEBA,AHSEC,ENGLISH,Excellent,Excellent,OTHERS,OTHERS
359,Good,male,OBC,WA,TWO,SEBA,AHSEC,ASSAMESE,Excellent,Vg,SCHOOL_TEACHER,HOUSE_WIFE
360,Good,female,General,WA,TWO,SEBA,AHSEC,ENGLISH,Excellent,Excellent,DOCTOR,HOUSE_WIFE
361,Good,female,General,OA,ONE,CBSE,CBSE,ENGLISH,Excellent,Excellent,SCHOOL_TEACHER,SCHOOL_TEACHER
362,Good,female,General,NO,ONE,SEBA,AHSEC,ENGLISH,Excellent,Excellent,SCHOOL_TEACHER,SCHOOL_TEACHER
363,Good,female,OBC,NO,TWO,SEBA,AHSEC,ENGLISH,Excellent,Vg,BUSINESS,HOUSE_WIFE
364,Good,female,General,NO,ONE,CBSE,CBSE,ENGLISH,Excellent,Excellent,DOCTOR,HOUSE_WIFE
365,Good,male,General,WA,THREE,SEBA,AHSEC,OTHERS,Vg,Good,SCHOOL_TEACHER,HOUSE_WIFE
366,Good,female,OBC,WA,TWO,CBSE,CBSE,ENGLISH,Excellent,Excellent,SCHOOL_TEACHER,OTHERS
367,Good,male,General,WA,TWO,SEBA,AHSEC,ENGLISH,Excellent,Excellent,OTHERS,HOUSE_WIFE
368,Good,male,General,WA,ONE,CBSE,CBSE,ENGLISH,Excellent,Vg,OTHERS,HOUSE_WIFE
369,Good,female,OBC,WA,ONE,CBSE,CBSE,ENGLISH,Excellent,Excellent,OTHERS,OTHERS
370,Good,male,General,WA,TWO,CBSE,CBSE,ENGLISH,Excellent,Excellent,BUSINESS,HOUSE_WIFE
371,Good,male,General,WA,ONE,SEBA,AHSEC,ENGLISH,Excellent,Excellent,DOCTOR,HOUSE_WIFE
372,Good,male,General,WA,ONE,SEBA,AHSEC,ENGLISH,Excellent,Excellent,SCHOOL_TEACHER,HOUSE_WIFE
373,Good,female,OBC,WA,TWO,CBSE,CBSE,ENGLISH,Excellent,Vg,OTHERS,HOUSE_WIFE
374,Good,female,OBC,WA,ONE,CBSE,CBSE,ENGLISH,Excellent,Excellent,OTHERS,OTHERS
375,Good,female,OBC,WA,TWO,SEBA,AHSEC,ENGLISH,Excellent,Excellent,OTHERS,SCHOOL_TEACHER
376,Good,female,OBC,WA,THREE,SEBA,AHSEC,OTHERS,Good,Good,BUSINESS,HOUSE_WIFE
377,Good,male,General,WA,TWO,CBSE,CBSE,ENGLISH,Excellent,Excellent,OTHERS,HOUSE_WIFE
378,Good,female,OBC,WA,FOUR,SEBA,AHSEC,ENGLISH,Vg,Good,BUSINESS,HOUSE_WIFE
379,Good,female,OBC,OA,TWO,SEBA,AHSEC,ENGLISH,Excellent,Excellent,SCHOOL_TEACHER,SCHOOL_TEACHER
380,Good,female,OBC,WA,TWO,CBSE,CBSE,ENGLISH,Excellent,Excellent,DOCTOR,OTHERS
381,Good,male,General,WA,TWO,SEBA,AHSEC,OTHERS,Excellent,Excellent,OTHERS,SCHOOL_TEACHER
382,Good,male,General,WA,TWO,SEBA,AHSEC,OTHERS,Excellent,Vg,OTHERS,OTHERS
383,Good,female,General,NO,ONE,SEBA,AHSEC,ENGLISH,Excellent,Excellent,SCHOOL_TEACHER,SCHOOL_TEACHER
384,Good,female,OBC,NO,ONE,SEBA,AHSEC,ENGLISH,Excellent,Excellent,OTHERS,HOUSE_WIFE
385,Good,male,General,WA,ONE,SEBA,AHSEC,ENGLISH,Excellent,Excellent,SCHOOL_TEACHER,SCHOOL_TEACHER
386,Good,male,OBC,OA,TWO,SEBA,AHSEC,ENGLISH,Excellent,Excellent,DOCTOR,HOUSE_WIFE
387,Good,male,OBC,NO,THREE,SEBA,AHSEC,ENGLISH,Excellent,Vg,OTHERS,HOUSE_WIFE
388,Good,female,General,WA,THREE,SEBA,AHSEC,ASSAMESE,Excellent,Vg,DOCTOR,OTHERS
389,Good,female,General,WA,ONE,SEBA,CBSE,ENGLISH,Excellent,Excellent,BUSINESS,HOUSE_WIFE
390,Good,male,General,NO,ONE,SEBA,AHSEC,OTHERS,Excellent,Excellent,CULTIVATOR,HOUSE_WIFE
391,Good,female,General,WA,TWO,CBSE,CBSE,ENGLISH,Excellent,Excellent,DOCTOR,OTHERS
392,Good,male,General,WA,ONE,SEBA,AHSEC,ENGLISH,Excellent,Excellent,OTHERS,HOUSE_WIFE
393,Good,female,General,NO,TWO,CBSE,CBSE,ENGLISH,Excellent,Vg,OTHERS,HOUSE_WIFE
394,Good,male,General,WA,ONE,SEBA,AHSEC,ENGLISH,Excellent,Excellent,OTHERS,HOUSE_WIFE
395,Good,female,SC,NO,THREE,SEBA,AHSEC,ENGLISH,Excellent,Excellent,BUSINESS,HOUSE_WIFE
396,Good,female,General,WA,TWO,SEBA,AHSEC,ENGLISH,Excellent,Excellent,OTHERS,OTHERS
397,Good,female,General,WA,ONE,CBSE,CBSE,ENGLISH,Excellent,Good,BUSINESS,HOUSE_WIFE
398,Good,male,General,WA,TWO,SEBA,AHSEC,ENGLISH,Vg,Vg,SCHOOL_TEACHER,SCHOOL_TEACHER
399,Good,male,General,NO,ONE,SEBA,AHSEC,OTHERS,Excellent,Excellent,SCHOOL_TEACHER,HOUSE_WIFE
400,Good,male,OBC,WA,TWO,CBSE,CBSE,ENGLISH,Excellent,Excellent,OTHERS,HOUSE_WIFE
401,Good,male,General,WA,TWO,SEBA,AHSEC,ENGLISH,Excellent,Vg,OTHERS,HOUSE_WIFE
402,Good,male,General,NO,TWO,SEBA,AHSEC,OTHERS,Good,Good,SCHOOL_TEACHER,HOUSE_WIFE
403,Good,female,OBC,WA,ONE,SEBA,AHSEC,ASSAMESE,Excellent,Excellent,OTHERS,SCHOOL_TEACHER
404,Good,male,SC,NO,ONE,CBSE,CBSE,ENGLISH,Excellent,Excellent,BUSINESS,HOUSE_WIFE
405,Good,male,General,WA,TWO,SEBA,AHSEC,ENGLISH,Vg,Vg,BUSINESS,HOUSE_WIFE
406,Good,male,OBC,WA,TWO,CBSE,CBSE,ENGLISH,Vg,Good,BUSINESS,HOUSE_WIFE
407,Good,male,General,NO,TWO,SEBA,AHSEC,ENGLISH,Vg,Vg,OTHERS,HOUSE_WIFE
408,Good,male,General,WA,TWO,CBSE,CBSE,ENGLISH,Excellent,Excellent,SCHOOL_TEACHER,SCHOOL_TEACHER
409,Good,male,General,WA,TWO,SEBA,AHSEC,OTHERS,Vg,Vg,SCHOOL_TEACHER,HOUSE_WIFE
410,Good,female,ST,WA,ONE,SEBA,AHSEC,OTHERS,Excellent,Excellent,SCHOOL_TEACHER,SCHOOL_TEACHER
411,Good,female,General,NO,ONE,SEBA,AHSEC,ENGLISH,Excellent,Excellent,OTHERS,SCHOOL_TEACHER
412,Good,female,OBC,NO,ONE,SEBA,AHSEC,ENGLISH,Excellent,Excellent,OTHERS,OTHERS
413,Good,male,SC,NO,THREE,CBSE,CBSE,ENGLISH,Excellent,Vg,OTHERS,HOUSE_WIFE
414,Good,male,OBC,WA,TWO,SEBA,AHSEC,ASSAMESE,Excellent,Vg,OTHERS,HOUSE_WIFE
415,Good,female,OBC,WA,TWO,SEBA,AHSEC,ENGLISH,Excellent,Vg,OTHERS,HOUSE_WIFE
416,Good,male,General,OA,TWO,CBSE,CBSE,ENGLISH,Excellent,Excellent,OTHERS,SCHOOL_TEACHER
417,Good,male,General,NO,TWO,CBSE,CBSE,ENGLISH,Excellent,Excellent,OTHERS,HOUSE_WIFE
418,Good,male,General,WA,TWO,CBSE,CBSE,ENGLISH,Excellent,Vg,BUSINESS,HOUSE_WIFE
419,Good,male,SC,WA,TWO,CBSE,CBSE,ENGLISH,Excellent,Excellent,CULTIVATOR,HOUSE_WIFE
420,Good,male,General,OA,ONE,CBSE,CBSE,ENGLISH,Excellent,Excellent,DOCTOR,SCHOOL_TEACHER
421,Good,male,General,NO,ONE,CBSE,CBSE,ENGLISH,Excellent,Excellent,DOCTOR,HOUSE_WIFE
422,Good,male,General,NO,TWO,SEBA,AHSEC,OTHERS,Vg,Vg,BUSINESS,HOUSE_WIFE
423,Good,male,General,WA,FOUR,SEBA,AHSEC,OTHERS,Vg,Good,SCHOOL_TEACHER,HOUSE_WIFE
424,Good,female,SC,WA,TWO,SEBA,AHSEC,ENGLISH,Excellent,Excellent,OTHERS,HOUSE_WIFE
425,Good,male,OBC,WA,TWO,CBSE,CBSE,ENGLISH,Excellent,Excellent,OTHERS,HOUSE_WIFE
426,Good,female,General,WA,ONE,SEBA,CBSE,ENGLISH,Excellent,Excellent,BUSINESS,HOUSE_WIFE
427,Good,female,General,WA,TWO,CBSE,CBSE,ENGLISH,Excellent,Vg,OTHERS,OTHERS
428,Good,female,General,WA,TWO,SEBA,CBSE,ENGLISH,Excellent,Excellent,OTHERS,HOUSE_WIFE
429,Good,female,OBC,WA,TWO,SEBA,AHSEC,ENGLISH,Excellent,Excellent,OTHERS,OTHERS
430,Good,male,General,WA,TWO,CBSE,CBSE,ENGLISH,Excellent,Excellent,BUSINESS,OTHERS
431,Good,female,General,NO,ONE,SEBA,CBSE,ENGLISH,Excellent,Excellent,SCHOOL_TEACHER,SCHOOL_TEACHER
432,Good,female,OBC,WA,TWO,SEBA,AHSEC,ENGLISH,Excellent,Vg,OTHERS,HOUSE_WIFE
433,Good,male,General,NO,ONE,CBSE,CBSE,ENGLISH,Excellent,Vg,BUSINESS,HOUSE_WIFE
434,Good,male,General,NO,ONE,SEBA,CBSE,ENGLISH,Excellent,Excellent,BUSINESS,HOUSE_WIFE
435,Good,female,SC,WA,ONE,OTHERS,CBSE,ENGLISH,Excellent,Excellent,DOCTOR,HOUSE_WIFE
436,Good,female,OBC,WA,ONE,SEBA,AHSEC,ENGLISH,Excellent,Excellent,DOCTOR,HOUSE_WIFE
437,Good,female,General,NO,TWO,SEBA,CBSE,ENGLISH,Excellent,Vg,BUSINESS,HOUSE_WIFE
438,Good,female,OBC,WA,TWO,SEBA,AHSEC,ENGLISH,Excellent,Vg,DOCTOR,SCHOOL_TEACHER
439,Good,male,General,WA,THREE,CBSE,CBSE,ENGLISH,Vg,Good,OTHERS,HOUSE_WIFE
440,Good,female,General,NO,ONE,SEBA,AHSEC,ENGLISH,Excellent,Excellent,OTHERS,SCHOOL_TEACHER
441,Good,male,General,WA,THREE,SEBA,AHSEC,OTHERS,Vg,Vg,CULTIVATOR,HOUSE_WIFE
442,Good,male,OBC,WA,TWO,SEBA,AHSEC,ASSAMESE,Excellent,Excellent,SCHOOL_TEACHER,SCHOOL_TEACHER
443,Good,female,General,WA,ONE,OTHERS,CBSE,ENGLISH,Excellent,Excellent,BUSINESS,HOUSE_WIFE
444,Good,male,General,WA,THREE,SEBA,AHSEC,OTHERS,Vg,Vg,SCHOOL_TEACHER,HOUSE_WIFE
445,Good,female,General,NO,THREE,CBSE,CBSE,ENGLISH,Excellent,Good,BUSINESS,OTHERS
446,Good,female,General,WA,TWO,CBSE,CBSE,ENGLISH,Excellent,Excellent,BUSINESS,SCHOOL_TEACHER
447,Good,male,General,OA,TWO,CBSE,CBSE,ENGLISH,Excellent,Vg,SCHOOL_TEACHER,HOUSE_WIFE
448,Good,female,ST,NO,ONE,SEBA,AHSEC,OTHERS,Excellent,Excellent,OTHERS,HOUSE_WIFE
449,Good,female,OBC,OA,ONE,OTHERS,CBSE,ENGLISH,Excellent,Excellent,BUSINESS,HOUSE_WIFE
450,Good,female,General,WA,TWO,CBSE,CBSE,ENGLISH,Excellent,Excellent,OTHERS,OTHERS
451,Good,male,General,WA,TWO,SEBA,AHSEC,ASSAMESE,Excellent,Excellent,DOCTOR,SCHOOL_TEACHER
452,Good,female,General,WA,TWO,CBSE,CBSE,ENGLISH,Excellent,Excellent,OTHERS,HOUSE_WIFE
453,Good,female,SC,NO,ONE,SEBA,AHSEC,ENGLISH,Excellent,Excellent,SCHOOL_TEACHER,SCHOOL_TEACHER
454,Good,female,General,WA,ONE,SEBA,AHSEC,OTHERS,Excellent,Excellent,OTHERS,HOUSE_WIFE
455,Good,male,General,WA,THREE,SEBA,AHSEC,ENGLISH,Excellent,Vg,SCHOOL_TEACHER,SCHOOL_TEACHER
456,Good,male,OBC,NO,TWO,SEBA,AHSEC,ENGLISH,Good,Vg,OTHERS,OTHERS
457,Good,male,General,WA,TWO,SEBA,AHSEC,OTHERS,Vg,Excellent,SCHOOL_TEACHER,HOUSE_WIFE
458,Good,male,General,WA,THREE,CBSE,CBSE,ENGLISH,Good,Good,SCHOOL_TEACHER,HOUSE_WIFE
459,Good,male,SC,WA,TWO,SEBA,AHSEC,ASSAMESE,Excellent,Vg,SCHOOL_TEACHER,HOUSE_WIFE
460,Good,male,General,WA,TWO,SEBA,AHSEC,OTHERS,Good,Vg,SCHOOL_TEACHER,OTHERS
461,Good,male,General,NO,ONE,SEBA,AHSEC,OTHERS,Excellent,Excellent,SCHOOL_TEACHER,HOUSE_WIFE
462,Good,female,General,WA,ONE,SEBA,AHSEC,ENGLISH,Excellent,Excellent,BUSINESS,HOUSE_WIFE
463,Good,male,General,OA,TWO,CBSE,CBSE,ENGLISH,Excellent,Excellent,CULTIVATOR,HOUSE_WIFE
464,Good,male,General,OA,ONE,CBSE,CBSE,ENGLISH,Excellent,Excellent,DOCTOR,SCHOOL_TEACHER
465,Good,male,General,WA,TWO,SEBA,AHSEC,OTHERS,Vg,Excellent,OTHERS,SCHOOL_TEACHER
466,Good,male,General,WA,TWO,CBSE,AHSEC,ENGLISH,Excellent,Excellent,SCHOOL_TEACHER,SCHOOL_TEACHER
467,Good,female,OBC,NO,ONE,CBSE,CBSE,ENGLISH,Excellent,Vg,OTHERS,OTHERS
468,Good,female,OBC,WA,TWO,SEBA,AHSEC,ASSAMESE,Excellent,Excellent,DOCTOR,HOUSE_WIFE
469,Good,male,General,NO,ONE,CBSE,CBSE,ENGLISH,Excellent,Excellent,OTHERS,OTHERS
470,Good,male,SC,WA,ONE,SEBA,AHSEC,OTHERS,Excellent,Excellent,OTHERS,HOUSE_WIFE
471,Good,male,General,WA,TWO,SEBA,AHSEC,OTHERS,Vg,Vg,OTHERS,HOUSE_WIFE
472,Good,male,General,WA,ONE,CBSE,CBSE,ENGLISH,Excellent,Excellent,OTHERS,HOUSE_WIFE
473,Good,male,OBC,WA,ONE,SEBA,AHSEC,ENGLISH,Excellent,Excellent,OTHERS,HOUSE_WIFE
474,Good,female,General,WA,TWO,CBSE,CBSE,ENGLISH,Excellent,Excellent,OTHERS,HOUSE_WIFE
475,Good,male,OBC,NO,TWO,SEBA,AHSEC,OTHERS,Average,Good,OTHERS,HOUSE_WIFE
476,Good,male,General,NO,ONE,CBSE,CBSE,ENGLISH,Excellent,Excellent,OTHERS,HOUSE_WIFE
477,Good,female,OBC,WA,TWO,SEBA,AHSEC,ENGLISH,Vg,Vg,DOCTOR,HOUSE_WIFE
478,Good,male,General,NO,ONE,CBSE,CBSE,ENGLISH,Excellent,Excellent,OTHERS,HOUSE_WIFE
479,Good,male,OBC,WA,THREE,SEBA,AHSEC,ASSAMESE,Good,Average,OTHERS,HOUSE_WIFE
480,Good,male,OBC,WA,THREE,CBSE,CBSE,ENGLISH,Excellent,Vg,OTHERS,SCHOOL_TEACHER
481,Good,male,OBC,WA,TWO,CBSE,CBSE,ENGLISH,Excellent,Excellent,BUSINESS,HOUSE_WIFE
482,Good,male,OBC,NO,THREE,CBSE,AHSEC,ASSAMESE,Vg,Good,SCHOOL_TEACHER,HOUSE_WIFE
483,Good,female,OBC,WA,TWO,SEBA,CBSE,ENGLISH,Excellent,Vg,OTHERS,OTHERS
484,Good,male,OBC,NO,ONE,SEBA,CBSE,ENGLISH,Excellent,Excellent,BUSINESS,HOUSE_WIFE
485,Good,female,OBC,WA,FOUR,SEBA,AHSEC,ASSAMESE,Excellent,Vg,BUSINESS,OTHERS
486,Good,female,OBC,WA,FOUR,SEBA,AHSEC,ENGLISH,Vg,Vg,BUSINESS,HOUSE_WIFE
487,Good,female,OBC,WA,THREE,SEBA,AHSEC,ENGLISH,Excellent,Vg,OTHERS,HOUSE_WIFE
488,Good,female,OBC,WA,TWO,SEBA,AHSEC,ASSAMESE,Excellent,Excellent,CULTIVATOR,SCHOOL_TEACHER
489,Good,female,OBC,WA,THREE,SEBA,AHSEC,ASSAMESE,Excellent,Vg,OTHERS,SCHOOL_TEACHER
490,Good,male,OBC,WA,ONE,SEBA,AHSEC,ENGLISH,Excellent,Good,SCHOOL_TEACHER,SCHOOL_TEACHER
491,Good,male,OBC,NO,ONE,SEBA,AHSEC,ENGLISH,Excellent,Excellent,DOCTOR,OTHERS
492,Good,male,OBC,WA,THREE,CBSE,CBSE,ENGLISH,Good,Excellent,OTHERS,HOUSE_WIFE
493,Good,female,OBC,WA,ONE,SEBA,AHSEC,ENGLISH,Excellent,Excellent,OTHERS,SCHOOL_TEACHER
494,Good,female,OBC,NO,ONE,SEBA,AHSEC,ENGLISH,Excellent,Excellent,SCHOOL_TEACHER,HOUSE_WIFE
495,Good,female,OBC,OA,TWO,SEBA,AHSEC,ENGLISH,Excellent,Excellent,OTHERS,HOUSE_WIFE
496,Good,female,OBC,WA,TWO,SEBA,AHSEC,ENGLISH,Excellent,Excellent,DOCTOR,HOUSE_WIFE
497,Good,female,OBC,WA,TWO,CBSE,CBSE,ENGLISH,Excellent,Excellent,DOCTOR,HOUSE_WIFE
498,Good,female,OBC,WA,ONE,SEBA,AHSEC,ENGLISH,Vg,Excellent,BUSINESS,HOUSE_WIFE
499,Good,male,OBC,WA,THREE,CBSE,CBSE,ENGLISH,Excellent,Vg,BUSINESS,HOUSE_WIFE
500,Average,female,OBC,WA,TWO,SEBA,AHSEC,ASSAMESE,Excellent,Excellent,SCHOOL_TEACHER,HOUSE_WIFE
501,Average,male,OBC,WA,TWO,SEBA,AHSEC,ENGLISH,Excellent,Excellent,BUSINESS,HOUSE_WIFE
502,Average,female,OBC,WA,ONE,SEBA,CBSE,ENGLISH,Excellent,Excellent,OTHERS,HOUSE_WIFE
503,Average,male,OBC,WA,TWO,SEBA,AHSEC,ENGLISH,Vg,Good,OTHERS,HOUSE_WIFE
504,Average,female,OBC,WA,TWO,SEBA,AHSEC,ASSAMESE,Excellent,Excellent,DOCTOR,HOUSE_WIFE
505,Average,male,OBC,WA,ONE,CBSE,CBSE,ENGLISH,Excellent,Excellent,OTHERS,SCHOOL_TEACHER
506,Average,female,OBC,NO,THREE,SEBA,AHSEC,ASSAMESE,Excellent,Vg,SCHOOL_TEACHER,HOUSE_WIFE
507,Average,male,OBC,WA,TWO,CBSE,CBSE,ENGLISH,Excellent,Excellent,OTHERS,HOUSE_WIFE
508,Average,female,OBC,NO,ONE,SEBA,AHSEC,ENGLISH,Excellent,Excellent,BUSINESS,HOUSE_WIFE
509,Average,male,OBC,WA,THREE,SEBA,AHSEC,ASSAMESE,Vg,Good,BUSINESS,HOUSE_WIFE
510,Average,male,OBC,OA,TWO,CBSE,CBSE,ENGLISH,Excellent,Excellent,DOCTOR,OTHERS
511,Average,female,OBC,WA,TWO,SEBA,AHSEC,ASSAMESE,Excellent,Excellent,OTHERS,HOUSE_WIFE
512,Average,male,OBC,WA,TWO,SEBA,AHSEC,ENGLISH,Vg,Vg,OTHERS,OTHERS
513,Average,female,OBC,WA,TWO,SEBA,AHSEC,ENGLISH,Excellent,Excellent,OTHERS,HOUSE_WIFE
514,Average,female,OBC,NO,TWO,SEBA,AHSEC,ASSAMESE,Vg,Good,OTHERS,HOUSE_WIFE
515,Average,male,OBC,NO,TWO,CBSE,CBSE,ENGLISH,Excellent,Excellent,SCHOOL_TEACHER,HOUSE_WIFE
516,Average,female,OBC,WA,ONE,CBSE,CBSE,ENGLISH,Excellent,Excellent,OTHERS,HOUSE_WIFE
517,Average,male,OBC,WA,TWO,SEBA,AHSEC,ENGLISH,Excellent,Vg,BUSINESS,HOUSE_WIFE
518,Average,male,OBC,NO,TWO,SEBA,AHSEC,ENGLISH,Vg,Vg,OTHERS,HOUSE_WIFE
519,Average,male,OBC,WA,ONE,SEBA,CBSE,ENGLISH,Vg,Vg,BUSINESS,HOUSE_WIFE
520,Average,male,OBC,WA,THREE,CBSE,CBSE,ENGLISH,Excellent,Good,OTHERS,OTHERS
521,Average,male,OBC,NO,FOUR,SEBA,AHSEC,OTHERS,Vg,Average,SCHOOL_TEACHER,HOUSE_WIFE
522,Average,female,OBC,NO,ONE,SEBA,AHSEC,ENGLISH,Excellent,Excellent,OTHERS,SCHOOL_TEACHER
523,Average,male,OBC,WA,TWO,SEBA,AHSEC,ASSAMESE,Excellent,Vg,OTHERS,HOUSE_WIFE
524,Average,male,OBC,NO,TWO,SEBA,AHSEC,ASSAMESE,Excellent,Excellent,BUSINESS,SCHOOL_TEACHER
525,Good,female,SC,WA,THREE,CBSE,CBSE,ENGLISH,Excellent,Excellent,OTHERS,HOUSE_WIFE
526,Good,male,SC,WA,THREE,SEBA,AHSEC,ENGLISH,Vg,Good,SCHOOL_TEACHER,HOUSE_WIFE
527,Good,female,SC,WA,TWO,SEBA,AHSEC,ENGLISH,Excellent,Vg,BUSINESS,HOUSE_WIFE
528,Good,female,SC,NO,TWO,SEBA,AHSEC,OTHERS,Excellent,Excellent,ENGINEER,HOUSE_WIFE
529,Good,female,SC,OA,TWO,SEBA,AHSEC,ENGLISH,Excellent,Vg,OTHERS,HOUSE_WIFE
530,Good,female,SC,WA,THREE,SEBA,AHSEC,ENGLISH,Vg,Vg,OTHERS,HOUSE_WIFE
531,Good,male,SC,WA,TWO,CBSE,CBSE,ENGLISH,Excellent,Excellent,CULTIVATOR,HOUSE_WIFE
532,Average,female,SC,NO,TWO,CBSE,CBSE,ENGLISH,Excellent,Excellent,ENGINEER,HOUSE_WIFE
533,Average,female,SC,WA,TWO,CBSE,CBSE,ENGLISH,Excellent,Excellent,OTHERS,HOUSE_WIFE
534,Average,female,SC,WA,THREE,SEBA,AHSEC,ENGLISH,Excellent,Excellent,BUSINESS,HOUSE_WIFE
535,Average,male,SC,WA,ONE,SEBA,AHSEC,ASSAMESE,Good,Good,OTHERS,HOUSE_WIFE
536,Average,female,SC,WA,TWO,SEBA,AHSEC,ENGLISH,Excellent,Excellent,OTHERS,HOUSE_WIFE
537,Average,female,SC,WA,THREE,SEBA,AHSEC,ASSAMESE,Good,Good,SCHOOL_TEACHER,HOUSE_WIFE
538,Average,female,SC,WA,ONE,SEBA,CBSE,ENGLISH,Excellent,Excellent,BUSINESS,HOUSE_WIFE
539,Average,female,SC,WA,THREE,CBSE,CBSE,ENGLISH,Vg,Vg,BANK_OFFICIAL,OTHERS
540,Average,female,SC,NO,ONE,SEBA,AHSEC,ASSAMESE,Excellent,Excellent,OTHERS,HOUSE_WIFE
541,Average,female,SC,NO,TWO,SEBA,AHSEC,ASSAMESE,Average,Good,BUSINESS,HOUSE_WIFE
542,Average,male,SC,NO,ONE,CBSE,CBSE,ENGLISH,Excellent,Excellent,OTHERS,HOUSE_WIFE
543,Average,female,SC,NO,TWO,CBSE,CBSE,ENGLISH,Excellent,Excellent,OTHERS,OTHERS
544,Average,female,SC,WA,TWO,SEBA,AHSEC,ENGLISH,Excellent,Vg,BUSINESS,HOUSE_WIFE
545,Average,male,SC,WA,TWO,CBSE,CBSE,ENGLISH,Excellent,Excellent,OTHERS,HOUSE_WIFE
546,Average,male,SC,WA,TWO,SEBA,AHSEC,ASSAMESE,Vg,Vg,CULTIVATOR,HOUSE_WIFE
547,Average,male,SC,WA,TWO,CBSE,CBSE,ENGLISH,Excellent,Good,SCHOOL_TEACHER,OTHERS
548,Average,male,SC,WA,TWO,SEBA,AHSEC,ENGLISH,Excellent,Excellent,BUSINESS,SCHOOL_TEACHER
549,Average,female,SC,WA,TWO,SEBA,AHSEC,ENGLISH,Excellent,Vg,OTHERS,HOUSE_WIFE
550,Average,male,SC,NO,ONE,SEBA,CBSE,ENGLISH,Excellent,Excellent,BUSINESS,HOUSE_WIFE
551,Average,female,SC,WA,TWO,SEBA,AHSEC,OTHERS,Excellent,Vg,SCHOOL_TEACHER,HOUSE_WIFE
552,Average,male,SC,NO,ONE,SEBA,AHSEC,ENGLISH,Excellent,Excellent,OTHERS,OTHERS
553,Average,male,SC,NO,TWO,SEBA,AHSEC,ENGLISH,Vg,Vg,OTHERS,HOUSE_WIFE
554,Average,female,SC,NO,TWO,SEBA,CBSE,ENGLISH,Vg,Vg,DOCTOR,SCHOOL_TEACHER
555,Average,female,SC,WA,THREE,SEBA,AHSEC,OTHERS,Good,Good,SCHOOL_TEACHER,OTHERS
556,Average,female,SC,WA,TWO,SEBA,CBSE,ENGLISH,Vg,Excellent,OTHERS,HOUSE_WIFE
557,Average,female,SC,WA,TWO,SEBA,AHSEC,ENGLISH,Excellent,Vg,OTHERS,OTHERS
558,Average,male,SC,WA,TWO,SEBA,AHSEC,ENGLISH,Excellent,Vg,OTHERS,SCHOOL_TEACHER
559,Average,male,SC,WA,TWO,SEBA,AHSEC,ASSAMESE,Excellent,Vg,SCHOOL_TEACHER,HOUSE_WIFE
560,Average,female,SC,WA,ONE,CBSE,CBSE,ENGLISH,Excellent,Excellent,ENGINEER,HOUSE_WIFE
561,Average,male,SC,NO,ONE,SEBA,AHSEC,ENGLISH,Excellent,Excellent,BUSINESS,HOUSE_WIFE
562,Average,male,SC,WA,TWO,SEBA,AHSEC,ASSAMESE,Excellent,Excellent,ENGINEER,HOUSE_WIFE
563,Good,male,ST,WA,TWO,SEBA,AHSEC,ASSAMESE,Excellent,Excellent,SCHOOL_TEACHER,SCHOOL_TEACHER
564,Good,female,ST,WA,TWO,CBSE,CBSE,ENGLISH,Excellent,Vg,BUSINESS,HOUSE_WIFE
565,Good,female,ST,WA,TWO,SEBA,AHSEC,ENGLISH,Vg,Vg,BANK_OFFICIAL,HOUSE_WIFE
566,Average,female,ST,WA,TWO,SEBA,CBSE,ENGLISH,Vg,Vg,BUSINESS,HOUSE_WIFE
567,Average,male,ST,OA,TWO,CBSE,CBSE,ENGLISH,Excellent,Excellent,OTHERS,SCHOOL_TEACHER
568,Average,male,ST,NO,ONE,CBSE,CBSE,ENGLISH,Excellent,Excellent,SCHOOL_TEACHER,SCHOOL_TEACHER
569,Average,male,ST,NO,THREE,SEBA,AHSEC,ENGLISH,Vg,Vg,SCHOOL_TEACHER,SCHOOL_TEACHER
570,Average,male,ST,WA,TWO,CBSE,CBSE,ENGLISH,Excellent,Vg,OTHERS,HOUSE_WIFE
571,Average,female,ST,WA,ONE,CBSE,CBSE,ENGLISH,Excellent,Vg,OTHERS,SCHOOL_TEACHER
572,Average,female,ST,WA,TWO,SEBA,CBSE,ENGLISH,Excellent,Excellent,DOCTOR,COLLEGE_TEACHER
573,Average,female,ST,WA,ONE,SEBA,AHSEC,ENGLISH,Excellent,Excellent,OTHERS,HOUSE_WIFE
574,Average,female,ST,WA,TWO,CBSE,CBSE,ENGLISH,Excellent,Excellent,OTHERS,HOUSE_WIFE
575,Average,male,ST,WA,ONE,SEBA,AHSEC,ENGLISH,Good,Good,ENGINEER,SCHOOL_TEACHER
576,Average,male,ST,WA,ONE,SEBA,CBSE,ENGLISH,Excellent,Excellent,OTHERS,HOUSE_WIFE
577,Average,female,ST,WA,TWO,SEBA,AHSEC,ENGLISH,Excellent,Vg,SCHOOL_TEACHER,HOUSE_WIFE
578,Average,male,ST,NO,ONE,CBSE,CBSE,ENGLISH,Excellent,Excellent,CULTIVATOR,HOUSE_WIFE
579,Average,female,ST,WA,TWO,SEBA,AHSEC,ENGLISH,Vg,Vg,BANK_OFFICIAL,HOUSE_WIFE
580,Average,male,ST,WA,TWO,CBSE,CBSE,ENGLISH,Excellent,Vg,CULTIVATOR,HOUSE_WIFE
581,Average,female,ST,WA,THREE,CBSE,CBSE,ENGLISH,Excellent,Good,ENGINEER,BUSINESS
582,Average,male,ST,WA,TWO,SEBA,AHSEC,ENGLISH,Excellent,Excellent,OTHERS,HOUSE_WIFE
583,Average,male,ST,OA,TWO,CBSE,CBSE,ENGLISH,Excellent,Vg,BUSINESS,SCHOOL_TEACHER
584,Average,female,ST,WA,TWO,SEBA,AHSEC,ENGLISH,Vg,Vg,DOCTOR,HOUSE_WIFE
585,Average,female,ST,WA,TWO,CBSE,CBSE,ENGLISH,Vg,Vg,OTHERS,HOUSE_WIFE
586,Average,female,ST,WA,TWO,SEBA,AHSEC,ENGLISH,Excellent,Excellent,SCHOOL_TEACHER,HOUSE_WIFE
587,Average,male,ST,WA,TWO,CBSE,CBSE,ENGLISH,Excellent,Good,OTHERS,HOUSE_WIFE
588,Average,female,ST,WA,TWO,OTHERS,OTHERS,ENGLISH,Excellent,Excellent,DOCTOR,COLLEGE_TEACHER
589,Average,female,ST,WA,TWO,SEBA,AHSEC,ASSAMESE,Excellent,Vg,OTHERS,OTHERS
590,Average,male,ST,OA,ONE,CBSE,CBSE,ENGLISH,Excellent,Excellent,OTHERS,HOUSE_WIFE
591,Average,female,ST,NO,TWO,CBSE,CBSE,ENGLISH,Excellent,Excellent,BANK_OFFICIAL,HOUSE_WIFE
592,Average,male,ST,WA,TWO,SEBA,AHSEC,ASSAMESE,Excellent,Vg,BANK_OFFICIAL,HOUSE_WIFE
593,Average,female,ST,WA,ONE,SEBA,AHSEC,OTHERS,Average,Vg,OTHERS,HOUSE_WIFE
594,Average,male,ST,NO,ONE,SEBA,AHSEC,ENGLISH,Excellent,Excellent,OTHERS,OTHERS
595,Average,female,ST,WA,TWO,CBSE,CBSE,ENGLISH,Excellent,Good,ENGINEER,HOUSE_WIFE
596,Average,male,ST,WA,TWO,CBSE,CBSE,ENGLISH,Excellent,Excellent,CULTIVATOR,HOUSE_WIFE
597,Average,male,ST,WA,TWO,SEBA,AHSEC,ASSAMESE,Excellent,Excellent,CULTIVATOR,HOUSE_WIFE
598,Average,female,ST,WA,THREE,SEBA,AHSEC,ENGLISH,Vg,Average,OTHERS,HOUSE_WIFE
599,Average,male,ST,NO,TWO,CBSE,CBSE,ENGLISH,Vg,Good,CULTIVATOR,HOUSE_WIFE
600,Average,male,ST,WA,ONE,SEBA,AHSEC,ENGLISH,Average,Good,OTHERS,HOUSE_WIFE
601,Average,female,ST,OA,TWO,CBSE,CBSE,ENGLISH,Excellent,Vg,OTHERS,HOUSE_WIFE
602,Average,female,ST,WA,THREE,CBSE,CBSE,ENGLISH,Excellent,Vg,BANK_OFFICIAL,HOUSE_WIFE
603,Average,female,ST,WA,TWO,SEBA,AHSEC,ASSAMESE,Excellent,Excellent,SCHOOL_TEACHER,SCHOOL_TEACHER
604,Average,male,ST,OA,THREE,CBSE,CBSE,ENGLISH,Vg,Excellent,OTHERS,HOUSE_WIFE
605,Average,female,ST,WA,TWO,SEBA,AHSEC,ENGLISH,Excellent,Vg,OTHERS,HOUSE_WIFE
606,Average,female,ST,WA,TWO,SEBA,AHSEC,ENGLISH,Excellent,Vg,COLLEGE_TEACHER,HOUSE_WIFE
607,Average,female,ST,WA,TWO,SEBA,AHSEC,ENGLISH,Excellent,Good,SCHOOL_TEACHER,HOUSE_WIFE
608,Average,male,ST,WA,TWO,CBSE,CBSE,ENGLISH,Excellent,Vg,SCHOOL_TEACHER,HOUSE_WIFE
609,Average,male,ST,NO,ONE,SEBA,AHSEC,ENGLISH,Average,Average,OTHERS,HOUSE_WIFE
610,Average,male,ST,NO,THREE,CBSE,CBSE,ENGLISH,Excellent,Good,OTHERS,HOUSE_WIFE
611,Average,male,ST,NO,ONE,SEBA,AHSEC,ASSAMESE,Vg,Good,CULTIVATOR,HOUSE_WIFE
612,Average,female,ST,WA,TWO,SEBA,AHSEC,ENGLISH,Excellent,Vg,OTHERS,HOUSE_WIFE
613,Average,female,ST,WA,TWO,SEBA,AHSEC,ENGLISH,Vg,Vg,OTHERS,HOUSE_WIFE
614,Average,male,ST,NO,ONE,SEBA,AHSEC,ENGLISH,Good,Vg,OTHERS,HOUSE_WIFE
615,Average,male,ST,WA,TWO,SEBA,AHSEC,ENGLISH,Vg,Vg,SCHOOL_TEACHER,HOUSE_WIFE
616,Average,male,ST,WA,TWO,CBSE,CBSE,ENGLISH,Excellent,Vg,OTHERS,HOUSE_WIFE
617,Average,male,ST,WA,TWO,CBSE,CBSE,ENGLISH,Excellent,Vg,OTHERS,HOUSE_WIFE
618,Average,male,ST,WA,TWO,SEBA,AHSEC,ENGLISH,Excellent,Good,OTHERS,HOUSE_WIFE
619,Average,male,ST,NO,ONE,CBSE,CBSE,ENGLISH,Excellent,Excellent,SCHOOL_TEACHER,HOUSE_WIFE
620,Average,female,ST,WA,ONE,CBSE,CBSE,ENGLISH,Excellent,Excellent,ENGINEER,OTHERS
621,Average,male,ST,NO,THREE,CBSE,CBSE,ENGLISH,Excellent,Excellent,OTHERS,HOUSE_WIFE
622,Average,female,ST,WA,TWO,SEBA,AHSEC,ENGLISH,Excellent,Vg,CULTIVATOR,OTHERS
623,Average,female,ST,WA,TWO,CBSE,CBSE,ENGLISH,Excellent,Excellent,OTHERS,HOUSE_WIFE
624,Average,female,ST,WA,TWO,CBSE,CBSE,ENGLISH,Excellent,Vg,ENGINEER,HOUSE_WIFE
625,Average,female,ST,WA,TWO,CBSE,CBSE,ENGLISH,Excellent,Good,OTHERS,HOUSE_WIFE
626,Average,male,ST,WA,TWO,CBSE,CBSE,ENGLISH,Vg,Vg,OTHERS,HOUSE_WIFE
627,Average,male,ST,OA,TWO,CBSE,CBSE,ENGLISH,Excellent,Vg,CULTIVATOR,HOUSE_WIFE
628,Average,female,ST,WA,ONE,SEBA,AHSEC,ENGLISH,Excellent,Excellent,SCHOOL_TEACHER,SCHOOL_TEACHER
629,Average,male,ST,NO,TWO,SEBA,AHSEC,ENGLISH,Average,Good,BUSINESS,HOUSE_WIFE
630,Average,male,ST,NO,ONE,SEBA,AHSEC,ASSAMESE,Average,Average,CULTIVATOR,HOUSE_WIFE
631,Average,male,ST,NO,ONE,SEBA,AHSEC,ENGLISH,Excellent,Excellent,DOCTOR,HOUSE_WIFE
632,Average,male,ST,OA,ONE,CBSE,CBSE,ENGLISH,Vg,Excellent,SCHOOL_TEACHER,OTHERS
633,Average,male,ST,WA,ONE,CBSE,CBSE,ENGLISH,Excellent,Vg,ENGINEER,HOUSE_WIFE
634,Average,male,ST,WA,TWO,SEBA,AHSEC,ENGLISH,Good,Good,OTHERS,HOUSE_WIFE
635,Average,male,ST,WA,ONE,SEBA,AHSEC,ENGLISH,Excellent,Excellent,OTHERS,OTHERS
636,Average,female,ST,NO,ONE,CBSE,CBSE,ENGLISH,Excellent,Excellent,OTHERS,DOCTOR
637,Average,female,ST,WA,TWO,SEBA,AHSEC,ENGLISH,Excellent,Vg,OTHERS,SCHOOL_TEACHER
638,Average,male,ST,WA,TWO,CBSE,AHSEC,ENGLISH,Good,Good,OTHERS,SCHOOL_TEACHER
639,Average,female,ST,WA,ONE,SEBA,AHSEC,ENGLISH,Vg,Good,ENGINEER,HOUSE_WIFE
640,Average,male,ST,WA,TWO,SEBA,AHSEC,ENGLISH,Vg,Vg,OTHERS,HOUSE_WIFE
641,Average,male,ST,NO,THREE,SEBA,AHSEC,ENGLISH,Good,Average,CULTIVATOR,HOUSE_WIFE
642,Average,female,ST,WA,TWO,OTHERS,OTHERS,ENGLISH,Vg,Vg,SCHOOL_TEACHER,HOUSE_WIFE
643,Average,female,ST,WA,ONE,SEBA,AHSEC,ENGLISH,Vg,Vg,OTHERS,SCHOOL_TEACHER
644,Average,male,ST,WA,THREE,CBSE,CBSE,ENGLISH,Vg,Vg,BANK_OFFICIAL,HOUSE_WIFE
645,Average,female,ST,WA,ONE,SEBA,AHSEC,ENGLISH,Vg,Vg,BUSINESS,DOCTOR
646,Average,female,ST,WA,FOUR,SEBA,AHSEC,ASSAMESE,Vg,Good,CULTIVATOR,HOUSE_WIFE
647,Average,male,ST,NO,ONE,SEBA,AHSEC,ENGLISH,Average,Good,BUSINESS,OTHERS
648,Average,male,ST,WA,TWO,SEBA,AHSEC,ENGLISH,Good,Good,OTHERS,SCHOOL_TEACHER
649,Average,male,ST,WA,TWO,SEBA,AHSEC,ENGLISH,Vg,Good,OTHERS,HOUSE_WIFE
650,Average,female,ST,WA,THREE,SEBA,AHSEC,ENGLISH,Good,Good,SCHOOL_TEACHER,HOUSE_WIFE
651,Average,male,ST,WA,THREE,SEBA,AHSEC,ENGLISH,Good,Good,SCHOOL_TEACHER,HOUSE_WIFE
652,Average,female,ST,OA,THREE,OTHERS,OTHERS,ENGLISH,Good,Good,CULTIVATOR,HOUSE_WIFE
653,Average,female,ST,WA,TWO,SEBA,AHSEC,ENGLISH,Good,Good,OTHERS,HOUSE_WIFE
654,Average,female,ST,NO,THREE,SEBA,AHSEC,ENGLISH,Average,Average,SCHOOL_TEACHER,HOUSE_WIFE
655,Average,male,ST,WA,ONE,CBSE,CBSE,ENGLISH,Excellent,Excellent,OTHERS,SCHOOL_TEACHER
656,Average,female,ST,WA,TWO,SEBA,AHSEC,ENGLISH,Vg,Vg,OTHERS,OTHERS
657,Average,male,ST,NO,ONE,SEBA,AHSEC,ENGLISH,Vg,Vg,CULTIVATOR,OTHERS
658,Average,female,ST,WA,TWO,CBSE,AHSEC,ENGLISH,Excellent,Good,BUSINESS,HOUSE_WIFE
659,Average,female,ST,WA,TWO,SEBA,AHSEC,ENGLISH,Excellent,Vg,OTHERS,OTHERS
660,Average,female,ST,NO,ONE,SEBA,AHSEC,ENGLISH,Vg,Good,BUSINESS,SCHOOL_TEACHER
661,Average,female,ST,WA,TWO,SEBA,CBSE,ENGLISH,Good,Vg,DOCTOR,SCHOOL_TEACHER
662,Average,female,ST,WA,ONE,SEBA,AHSEC,ENGLISH,Good,Vg,OTHERS,HOUSE_WIFE
663,Average,male,ST,WA,THREE,SEBA,AHSEC,ENGLISH,Vg,Good,CULTIVATOR,HOUSE_WIFE
664,Average,male,ST,WA,TWO,SEBA,CBSE,ENGLISH,Good,Vg,OTHERS,SCHOOL_TEACHER
665,Average,male,ST,WA,THREE,SEBA,AHSEC,ENGLISH,Good,Good,SCHOOL_TEACHER,HOUSE_WIFE
666,Average,female,ST,NO,ONE,SEBA,CBSE,ENGLISH,Vg,Good,BUSINESS,OTHERS